{"mean":{"confidence_interval":{"confidence_level":0.95,"lower_bound":33952008.125,"upper_bound":34596109.018125005},"point_estimate":34277165.875,"standard_error":164331.7395487697},"median":{"confidence_interval":{"confidence_level":0.95,"lower_bound":33921202.25,"upper_bound":34755634.75},"point_estimate":34113670.25,"standard_error":261335.1769893122},"median_abs_dev":{"confidence_interval":{"confidence_level":0.95,"lower_bound":395183.6871340871,"upper_bound":1308176.9052252173},"point_estimate":915238.6157512665,"standard_error":222883.09836560953},"slope":null,"std_dev":{"confidence_interval":{"confidence_level":0.95,"lower_bound":557243.9875295862,"upper_bound":891944.252577161},"point_estimate":754835.1331594635,"standard_error":85294.3405316782}}