{"mean":{"confidence_interval":{"confidence_level":0.95,"lower_bound":-0.09791729202368424,"upper_bound":-0.050579329867286416},"point_estimate":-0.07336197567471703,"standard_error":0.012137694606838167},"median":{"confidence_interval":{"confidence_level":0.95,"lower_bound":-0.08339484561967037,"upper_bound":-0.033067973304682696},"point_estimate":-0.05318999705206329,"standard_error":0.013258157535896492}}