{"mean":{"confidence_interval":{"confidence_level":0.95,"lower_bound":0.028909223490903132,"upper_bound":0.056547698772508835},"point_estimate":0.04282092934558546,"standard_error":0.007188900979883482},"median":{"confidence_interval":{"confidence_level":0.95,"lower_bound":0.023333484933418802,"upper_bound":0.06068775989474284},"point_estimate":0.04173591849170322,"standard_error":0.009955727980522718}}