{"mean":{"confidence_interval":{"confidence_level":0.95,"lower_bound":-0.06598997367109052,"upper_bound":0.06047333665698369},"point_estimate":-0.002280054736305992,"standard_error":0.0322985304919673},"median":{"confidence_interval":{"confidence_level":0.95,"lower_bound":-0.0053526889565739255,"upper_bound":0.03501935979495574},"point_estimate":0.018847613251571804,"standard_error":0.010269190450325276}}