{"mean":{"confidence_interval":{"confidence_level":0.95,"lower_bound":-0.030475836049716338,"upper_bound":0.12105595305616883},"point_estimate":0.03718617853225714,"standard_error":0.03900833906354626},"median":{"confidence_interval":{"confidence_level":0.95,"lower_bound":-0.05057652007034252,"upper_bound":0.10315704241961998},"point_estimate":-0.02167036946986023,"standard_error":0.03770119455319151}}