{"mean":{"confidence_interval":{"confidence_level":0.95,"lower_bound":-0.03343542605664599,"upper_bound":-0.026648971126743082},"point_estimate":-0.030186599119838897,"standard_error":0.0017241570582434721},"median":{"confidence_interval":{"confidence_level":0.95,"lower_bound":-0.03544459973424052,"upper_bound":-0.024993226784665423},"point_estimate":-0.029870196392082216,"standard_error":0.0027345029608818565}}