{"mean":{"confidence_interval":{"confidence_level":0.95,"lower_bound":-0.0674435263956019,"upper_bound":0.0749519888649836},"point_estimate":-0.0029706479017015397,"standard_error":0.035029194701547244},"median":{"confidence_interval":{"confidence_level":0.95,"lower_bound":-0.027380299040516975,"upper_bound":0.0016802497147865303},"point_estimate":-0.014462861393580329,"standard_error":0.0072417692184419845}}