{"mean":{"confidence_interval":{"confidence_level":0.95,"lower_bound":-0.7201661526329745,"upper_bound":-0.7087667525303653},"point_estimate":-0.7145497976886209,"standard_error":0.0029024362199574927},"median":{"confidence_interval":{"confidence_level":0.95,"lower_bound":-0.7211892191462956,"upper_bound":-0.7085551185281361},"point_estimate":-0.7138081533844991,"standard_error":0.003443766976710171}}