{"mean":{"confidence_interval":{"confidence_level":0.95,"lower_bound":-0.08911455779453054,"upper_bound":0.013676021231833395},"point_estimate":-0.03575594129181814,"standard_error":0.02625444016381784},"median":{"confidence_interval":{"confidence_level":0.95,"lower_bound":-0.060626094655211404,"upper_bound":0.007508995011065833},"point_estimate":-0.028199353717251352,"standard_error":0.017894030046718953}}