{"mean":{"confidence_interval":{"confidence_level":0.95,"lower_bound":-0.07506561916162399,"upper_bound":-0.008762157058297766},"point_estimate":-0.04462090173539357,"standard_error":0.01734363242436917},"median":{"confidence_interval":{"confidence_level":0.95,"lower_bound":-0.08334762736783796,"upper_bound":-0.042576971960835874},"point_estimate":-0.06534698398982408,"standard_error":0.010527536871017524}}