{"mean":{"confidence_interval":{"confidence_level":0.95,"lower_bound":-0.4431866788614812,"upper_bound":-0.20979801651189078},"point_estimate":-0.33568440844155323,"standard_error":0.058853992422643484},"median":{"confidence_interval":{"confidence_level":0.95,"lower_bound":-0.22337776021063727,"upper_bound":-0.18659836291500032},"point_estimate":-0.20565087674202331,"standard_error":0.011426507227970143}}