{"mean":{"confidence_interval":{"confidence_level":0.95,"lower_bound":-0.006766013799220979,"upper_bound":0.008083590291629526},"point_estimate":0.00034865996337662963,"standard_error":0.0038196238029896087},"median":{"confidence_interval":{"confidence_level":0.95,"lower_bound":-0.009729969579925557,"upper_bound":0.004354282456219272},"point_estimate":-0.004648588118630004,"standard_error":0.003591023006392168}}