{"mean":{"confidence_interval":{"confidence_level":0.95,"lower_bound":0.02369022718611944,"upper_bound":0.043923407886323436},"point_estimate":0.033868893205945216,"standard_error":0.00515051132022836},"median":{"confidence_interval":{"confidence_level":0.95,"lower_bound":0.017734969746799667,"upper_bound":0.041379221697289914},"point_estimate":0.026631575849862532,"standard_error":0.006294730219628446}}