{"mean":{"confidence_interval":{"confidence_level":0.95,"lower_bound":0.03339630511345158,"upper_bound":0.0387002143891963},"point_estimate":0.035975225140350675,"standard_error":0.0013502253867917371},"median":{"confidence_interval":{"confidence_level":0.95,"lower_bound":0.03347515667202883,"upper_bound":0.04007779626739372},"point_estimate":0.037121259423729125,"standard_error":0.001778486585785837}}