{"mean":{"confidence_interval":{"confidence_level":0.95,"lower_bound":35203690.513000004,"upper_bound":35847294.870000005},"point_estimate":35461083.13000001,"standard_error":171250.19481246703},"median":{"confidence_interval":{"confidence_level":0.95,"lower_bound":35173744.400000006,"upper_bound":35531715.7},"point_estimate":35377336.400000006,"standard_error":120139.76049091206},"median_abs_dev":{"confidence_interval":{"confidence_level":0.95,"lower_bound":141508.83012771385,"upper_bound":475559.508857131},"point_estimate":301845.4938411768,"standard_error":88282.2813487785},"slope":null,"std_dev":{"confidence_interval":{"confidence_level":0.95,"lower_bound":225701.3298964272,"upper_bound":1256178.6532265386},"point_estimate":784291.7910801265,"standard_error":335928.83954552485}}