{"mean":{"confidence_interval":{"confidence_level":0.95,"lower_bound":-0.16789805645565015,"upper_bound":1.223963681410827},"point_estimate":0.30033179279951994,"standard_error":0.3900667436034647},"median":{"confidence_interval":{"confidence_level":0.95,"lower_bound":-0.03833881378638415,"upper_bound":-0.0025421194297676752},"point_estimate":-0.02335188620902906,"standard_error":0.009950947410892306}}