{"mean":{"confidence_interval":{"confidence_level":0.95,"lower_bound":-0.005842114746663909,"upper_bound":0.008935984043594934},"point_estimate":0.001796857667085927,"standard_error":0.003773540315463766},"median":{"confidence_interval":{"confidence_level":0.95,"lower_bound":-0.005735330986936723,"upper_bound":0.008417804128609596},"point_estimate":0.0020939753945443673,"standard_error":0.003646733350062028}}