{"mean":{"confidence_interval":{"confidence_level":0.95,"lower_bound":54110263.45416668,"upper_bound":54607613.633333325},"point_estimate":54349138.81666668,"standard_error":126786.14678181858},"median":{"confidence_interval":{"confidence_level":0.95,"lower_bound":53940529.333333336,"upper_bound":54467718.333333336},"point_estimate":54254043.0,"standard_error":144993.86588122026},"median_abs_dev":{"confidence_interval":{"confidence_level":0.95,"lower_bound":233420.04565597317,"upper_bound":896507.2005838137},"point_estimate":555207.991743084,"standard_error":179232.49216247385},"slope":null,"std_dev":{"confidence_interval":{"confidence_level":0.95,"lower_bound":380693.48413623206,"upper_bound":709251.8757093075},"point_estimate":582795.5026052295,"standard_error":83482.94797948046}}