{"mean":{"confidence_interval":{"confidence_level":0.95,"lower_bound":-0.09982707200767689,"upper_bound":0.08793741396208248},"point_estimate":-0.0006208481590439519,"standard_error":0.04801485143279666},"median":{"confidence_interval":{"confidence_level":0.95,"lower_bound":-0.013366571234050939,"upper_bound":0.021728083225046158},"point_estimate":0.0016825262306439104,"standard_error":0.0090946359430831}}