{"mean":{"confidence_interval":{"confidence_level":0.95,"lower_bound":-0.010754041817635293,"upper_bound":0.013573226345806952},"point_estimate":0.0016904836197702,"standard_error":0.006221445555032676},"median":{"confidence_interval":{"confidence_level":0.95,"lower_bound":-0.006201738739697427,"upper_bound":0.018252312346781485},"point_estimate":0.008544728370219579,"standard_error":0.006349899534804153}}