{"mean":{"confidence_interval":{"confidence_level":0.95,"lower_bound":-0.016299289911687276,"upper_bound":0.024788118776637905},"point_estimate":0.004196834765446633,"standard_error":0.01042225941720981},"median":{"confidence_interval":{"confidence_level":0.95,"lower_bound":-0.014741779268840904,"upper_bound":0.029131559140577412},"point_estimate":0.004876626328076394,"standard_error":0.010519027862223708}}