{"mean":{"confidence_interval":{"confidence_level":0.95,"lower_bound":-0.05324279355384747,"upper_bound":-0.017056852814094987},"point_estimate":-0.035989156183576565,"standard_error":0.009263783204783521},"median":{"confidence_interval":{"confidence_level":0.95,"lower_bound":-0.057699342067129344,"upper_bound":-0.029513943662552555},"point_estimate":-0.04728146633383579,"standard_error":0.00720279858935106}}