{"mean":{"confidence_interval":{"confidence_level":0.95,"lower_bound":0.006565873820326565,"upper_bound":0.02192885547971341},"point_estimate":0.013366085771037817,"standard_error":0.003927001025169316},"median":{"confidence_interval":{"confidence_level":0.95,"lower_bound":0.007501847461325761,"upper_bound":0.02092743422382659},"point_estimate":0.012984488832147756,"standard_error":0.003239866720189086}}