{"mean":{"confidence_interval":{"confidence_level":0.95,"lower_bound":33868482.06325,"upper_bound":34290033.307000004},"point_estimate":34076135.0,"standard_error":107853.78044653674},"median":{"confidence_interval":{"confidence_level":0.95,"lower_bound":33795305.7,"upper_bound":34409642.7},"point_estimate":33969254.5,"standard_error":152516.5671679551},"median_abs_dev":{"confidence_interval":{"confidence_level":0.95,"lower_bound":217836.7832726218,"upper_bound":827032.9611772266},"point_estimate":597567.9980510441,"standard_error":162342.63973588674},"slope":null,"std_dev":{"confidence_interval":{"confidence_level":0.95,"lower_bound":364337.12048673234,"upper_bound":584864.6422461799},"point_estimate":497152.0423156593,"standard_error":56207.71583538679}}