{"mean":{"confidence_interval":{"confidence_level":0.95,"lower_bound":-0.02472589286212924,"upper_bound":-0.007433496570790962},"point_estimate":-0.016277506784224682,"standard_error":0.004396706149525894},"median":{"confidence_interval":{"confidence_level":0.95,"lower_bound":-0.023384367437921827,"upper_bound":-0.006399240027716524},"point_estimate":-0.015376336664072232,"standard_error":0.004070648373164936}}