{"mean":{"confidence_interval":{"confidence_level":0.95,"lower_bound":4729468.516052269,"upper_bound":4786290.117269529},"point_estimate":4753401.5704466775,"standard_error":14599.613517411652},"median":{"confidence_interval":{"confidence_level":0.95,"lower_bound":4727649.265151516,"upper_bound":4757828.636574074},"point_estimate":4739232.305555556,"standard_error":8734.79460432758},"median_abs_dev":{"confidence_interval":{"confidence_level":0.95,"lower_bound":13752.650894174543,"upper_bound":54346.50586515683},"point_estimate":29467.96763350591,"standard_error":10539.50151247304},"slope":{"confidence_interval":{"confidence_level":0.95,"lower_bound":4720987.190383818,"upper_bound":4764170.11769507},"point_estimate":4742690.795818815,"standard_error":11075.110072155525},"std_dev":{"confidence_interval":{"confidence_level":0.95,"lower_bound":24422.39885141438,"upper_bound":104136.92644570625},"point_estimate":67043.04604392187,"standard_error":23997.276668445054}}