{"mean":{"confidence_interval":{"confidence_level":0.95,"lower_bound":34586886.6459375,"upper_bound":37942175.7746875},"point_estimate":35783195.375,"standard_error":1003073.321825837},"median":{"confidence_interval":{"confidence_level":0.95,"lower_bound":34539065.625,"upper_bound":35238169.75},"point_estimate":34755536.125,"standard_error":187903.5790191817},"median_abs_dev":{"confidence_interval":{"confidence_level":0.95,"lower_bound":287437.0313219726,"upper_bound":958067.9637908936},"point_estimate":606781.0966774821,"standard_error":172697.39145509034},"slope":null,"std_dev":{"confidence_interval":{"confidence_level":0.95,"lower_bound":418955.7968967922,"upper_bound":7546585.632695567},"point_estimate":4595131.484671704,"standard_error":2532531.9813655396}}