{"mean":{"confidence_interval":{"confidence_level":0.95,"lower_bound":39235344.335003965,"upper_bound":39983309.9993006},"point_estimate":39609089.405992076,"standard_error":191934.61067988793},"median":{"confidence_interval":{"confidence_level":0.95,"lower_bound":39008323.333333336,"upper_bound":40135056.69444445},"point_estimate":39718712.36805555,"standard_error":249884.29618278687},"median_abs_dev":{"confidence_interval":{"confidence_level":0.95,"lower_bound":26390.042727319487,"upper_bound":1144108.843017165},"point_estimate":677093.6845941893,"standard_error":268356.4230333182},"slope":{"confidence_interval":{"confidence_level":0.95,"lower_bound":39203820.92692338,"upper_bound":40254380.90270147},"point_estimate":39858268.30021645,"standard_error":266417.21117469406},"std_dev":{"confidence_interval":{"confidence_level":0.95,"lower_bound":365091.54190809093,"upper_bound":807647.5935055575},"point_estimate":642556.5192718507,"standard_error":113012.84231421452}}