{"mean":{"confidence_interval":{"confidence_level":0.95,"lower_bound":-0.09561653653971133,"upper_bound":-0.02600173949690314},"point_estimate":-0.06015828932204359,"standard_error":0.017750670928144405},"median":{"confidence_interval":{"confidence_level":0.95,"lower_bound":-0.09282669256180731,"upper_bound":0.006098311510929877},"point_estimate":-0.06349204386540463,"standard_error":0.027971708405348662}}