{"mean":{"confidence_interval":{"confidence_level":0.95,"lower_bound":-0.012056417758350254,"upper_bound":0.16620249536536044},"point_estimate":0.067562909242048,"standard_error":0.04790703974716218},"median":{"confidence_interval":{"confidence_level":0.95,"lower_bound":-0.06984082955637783,"upper_bound":0.0409406291937795},"point_estimate":-0.023564009897067528,"standard_error":0.02646310470403327}}