{"mean":{"confidence_interval":{"confidence_level":0.95,"lower_bound":-0.04602584855995222,"upper_bound":-0.03315244281594341},"point_estimate":-0.038800187829436616,"standard_error":0.003316426778698186},"median":{"confidence_interval":{"confidence_level":0.95,"lower_bound":-0.040985369308931596,"upper_bound":-0.029483834833142764},"point_estimate":-0.03329576207899487,"standard_error":0.003230209169552872}}