{"mean":{"confidence_interval":{"confidence_level":0.95,"lower_bound":-0.19223882568681358,"upper_bound":-0.04017814748847421},"point_estimate":-0.10574632789252436,"standard_error":0.04142467694336529},"median":{"confidence_interval":{"confidence_level":0.95,"lower_bound":-0.08019198348778545,"upper_bound":-0.01910215413082228},"point_estimate":-0.0339153470149689,"standard_error":0.017235169320888557}}