{"mean":{"confidence_interval":{"confidence_level":0.95,"lower_bound":-0.019431254218871978,"upper_bound":0.01569073859365555},"point_estimate":-0.0023681064409889485,"standard_error":0.008918860165489609},"median":{"confidence_interval":{"confidence_level":0.95,"lower_bound":-0.013069160818468317,"upper_bound":0.018291266463415612},"point_estimate":0.004250358929302589,"standard_error":0.007033626048336014}}