{"mean":{"confidence_interval":{"confidence_level":0.95,"lower_bound":-0.02110034466668683,"upper_bound":0.07043194716143808},"point_estimate":0.020170872298833853,"standard_error":0.023749679473250913},"median":{"confidence_interval":{"confidence_level":0.95,"lower_bound":-0.03691573637974377,"upper_bound":0.022018710663918473},"point_estimate":-0.016635397717846945,"standard_error":0.013545603416503781}}