{"mean":{"confidence_interval":{"confidence_level":0.95,"lower_bound":35660041.98549999,"upper_bound":36360180.44275},"point_estimate":35992406.07000001,"standard_error":178470.74865719565},"median":{"confidence_interval":{"confidence_level":0.95,"lower_bound":35363519.7,"upper_bound":36230015.5},"point_estimate":35867465.6,"standard_error":207072.11612314903},"median_abs_dev":{"confidence_interval":{"confidence_level":0.95,"lower_bound":321878.53294551594,"upper_bound":1233725.1082170054},"point_estimate":747150.178075436,"standard_error":225085.43974856046},"slope":null,"std_dev":{"confidence_interval":{"confidence_level":0.95,"lower_bound":506077.3332337144,"upper_bound":1018604.5453543665},"point_estimate":821018.4216062861,"standard_error":129587.04726676154}}