{"mean":{"confidence_interval":{"confidence_level":0.95,"lower_bound":-0.05023751838222505,"upper_bound":-0.028490583670701133},"point_estimate":-0.03974438547273196,"standard_error":0.0056097754041757085},"median":{"confidence_interval":{"confidence_level":0.95,"lower_bound":-0.05121934868555511,"upper_bound":-0.039981603656437215},"point_estimate":-0.043500119883773,"standard_error":0.003103771454498498}}