{"mean":{"confidence_interval":{"confidence_level":0.95,"lower_bound":-0.0599333016749751,"upper_bound":-0.027652396559437072},"point_estimate":-0.045127572965898866,"standard_error":0.008302832816056977},"median":{"confidence_interval":{"confidence_level":0.95,"lower_bound":-0.06367612983565418,"upper_bound":-0.03277152588738663},"point_estimate":-0.04358111436936307,"standard_error":0.007475739561205396}}