{"mean":{"confidence_interval":{"confidence_level":0.95,"lower_bound":3925961.208683446,"upper_bound":3977055.764843562},"point_estimate":3949276.8367965207,"standard_error":13113.819845754464},"median":{"confidence_interval":{"confidence_level":0.95,"lower_bound":3913775.012019231,"upper_bound":3952910.147435897},"point_estimate":3924899.984162896,"standard_error":9882.391571957014},"median_abs_dev":{"confidence_interval":{"confidence_level":0.95,"lower_bound":11790.641999045343,"upper_bound":55341.76511267939},"point_estimate":27453.201546261967,"standard_error":11712.609468396295},"slope":{"confidence_interval":{"confidence_level":0.95,"lower_bound":3919609.8730058703,"upper_bound":4011499.243006993},"point_estimate":3965620.8078531227,"standard_error":23966.69466037948},"std_dev":{"confidence_interval":{"confidence_level":0.95,"lower_bound":22688.73121775982,"upper_bound":78393.15232390686},"point_estimate":60552.67095626007,"standard_error":13119.382540241422}}