{"mean":{"confidence_interval":{"confidence_level":0.95,"lower_bound":-0.03560501927017734,"upper_bound":-0.01984744983584773},"point_estimate":-0.027755222968469995,"standard_error":0.004033329496815274},"median":{"confidence_interval":{"confidence_level":0.95,"lower_bound":-0.03599160299735016,"upper_bound":-0.017818673907925353},"point_estimate":-0.029671997928115368,"standard_error":0.004923439981427186}}