{"mean":{"confidence_interval":{"confidence_level":0.95,"lower_bound":9131198.781997353,"upper_bound":9520665.072897486},"point_estimate":9312171.704970019,"standard_error":99852.12885497774},"median":{"confidence_interval":{"confidence_level":0.95,"lower_bound":9088085.95611111,"upper_bound":9574763.961111112},"point_estimate":9196917.33888889,"standard_error":124075.58525420362},"median_abs_dev":{"confidence_interval":{"confidence_level":0.95,"lower_bound":36742.13848769674,"upper_bound":573846.872864959},"point_estimate":267734.00520477095,"standard_error":133587.9779162549},"slope":{"confidence_interval":{"confidence_level":0.95,"lower_bound":9131904.25936579,"upper_bound":9749207.791558607},"point_estimate":9434412.376450216,"standard_error":162509.4047858045},"std_dev":{"confidence_interval":{"confidence_level":0.95,"lower_bound":154275.76309801423,"upper_bound":442530.8309841945},"point_estimate":332232.72742134193,"standard_error":78013.5837974896}}