{"mean":{"confidence_interval":{"confidence_level":0.95,"lower_bound":-0.061719247778198344,"upper_bound":0.3203248589655686},"point_estimate":0.11059459209733014,"standard_error":0.09732912862871385},"median":{"confidence_interval":{"confidence_level":0.95,"lower_bound":-0.031882492666679196,"upper_bound":0.2495621986941139},"point_estimate":0.01470619109973792,"standard_error":0.09607587112242667}}