{"mean":{"confidence_interval":{"confidence_level":0.95,"lower_bound":-0.025916322589772122,"upper_bound":0.030343324711755278},"point_estimate":0.0020121700215691707,"standard_error":0.014259428795776286},"median":{"confidence_interval":{"confidence_level":0.95,"lower_bound":-0.020105200076442342,"upper_bound":0.02922477437816884},"point_estimate":0.003155734365621221,"standard_error":0.011973064404959878}}