{"mean":{"confidence_interval":{"confidence_level":0.95,"lower_bound":0.029910041415355762,"upper_bound":2.535749086996441},"point_estimate":0.8906433833430483,"standard_error":0.7759033792305022},"median":{"confidence_interval":{"confidence_level":0.95,"lower_bound":-0.013739125290741616,"upper_bound":0.10428946231266967},"point_estimate":0.05481332367626468,"standard_error":0.03238038954503574}}