{"mean":{"confidence_interval":{"confidence_level":0.95,"lower_bound":-0.043673765308686226,"upper_bound":0.007387470958044859},"point_estimate":-0.018170733220809643,"standard_error":0.013082377574038517},"median":{"confidence_interval":{"confidence_level":0.95,"lower_bound":-0.031167979949939473,"upper_bound":0.030916992485678252},"point_estimate":0.01361974773551533,"standard_error":0.01752741960814292}}