{"mean":{"confidence_interval":{"confidence_level":0.95,"lower_bound":32827910.2434375,"upper_bound":36273921.8428125},"point_estimate":34064291.2875,"standard_error":1021006.2778036492},"median":{"confidence_interval":{"confidence_level":0.95,"lower_bound":32671771.625,"upper_bound":33462630.0},"point_estimate":33129921.25,"standard_error":234105.63640991357},"median_abs_dev":{"confidence_interval":{"confidence_level":0.95,"lower_bound":333556.8246781826,"upper_bound":1047359.7711056471},"point_estimate":679252.6219658554,"standard_error":181877.28635042222},"slope":null,"std_dev":{"confidence_interval":{"confidence_level":0.95,"lower_bound":479854.8002234364,"upper_bound":7730882.065032212},"point_estimate":4711174.97905262,"standard_error":2572436.8396115815}}