{"mean":{"confidence_interval":{"confidence_level":0.95,"lower_bound":169266615.835,"upper_bound":203666850.6329166},"point_estimate":185099248.1,"standard_error":8904056.926931644},"median":{"confidence_interval":{"confidence_level":0.95,"lower_bound":163240258.6666667,"upper_bound":177990571.0},"point_estimate":168497982.6666667,"standard_error":4689572.641706637},"median_abs_dev":{"confidence_interval":{"confidence_level":0.95,"lower_bound":2775583.5650235415,"upper_bound":21123590.472081274},"point_estimate":10561086.429703273,"standard_error":4869731.6198042445},"slope":null,"std_dev":{"confidence_interval":{"confidence_level":0.95,"lower_bound":7577927.737098971,"upper_bound":52954933.579687014},"point_estimate":40774904.95427595,"standard_error":10006886.178033378}}