{"mean":{"confidence_interval":{"confidence_level":0.95,"lower_bound":-0.024840351815928724,"upper_bound":0.00027921361732131597},"point_estimate":-0.012047272336690118,"standard_error":0.00640217639265699},"median":{"confidence_interval":{"confidence_level":0.95,"lower_bound":-0.022598510531054994,"upper_bound":0.004679163970837452},"point_estimate":-0.008178066357393377,"standard_error":0.007426477123537766}}