{"mean":{"confidence_interval":{"confidence_level":0.95,"lower_bound":14030972.378787879,"upper_bound":14299386.64324513},"point_estimate":14154465.390438313,"standard_error":68753.25636587453},"median":{"confidence_interval":{"confidence_level":0.95,"lower_bound":13962039.659090908,"upper_bound":14324467.441964285},"point_estimate":14046994.274242423,"standard_error":92040.91656218907},"median_abs_dev":{"confidence_interval":{"confidence_level":0.95,"lower_bound":10268.322309973615,"upper_bound":364562.53199419717},"point_estimate":139303.30149027935,"standard_error":94690.28362409706},"slope":{"confidence_interval":{"confidence_level":0.95,"lower_bound":14051912.310727272,"upper_bound":14448452.894448688},"point_estimate":14249879.451829989,"standard_error":103781.31522001674},"std_dev":{"confidence_interval":{"confidence_level":0.95,"lower_bound":96968.87787121827,"upper_bound":292419.55648577376},"point_estimate":229082.16365959588,"standard_error":50755.504059514795}}