{"mean":{"confidence_interval":{"confidence_level":0.95,"lower_bound":-0.027307902354575257,"upper_bound":-0.013866066100559876},"point_estimate":-0.02044018812579551,"standard_error":0.0034467569979252126},"median":{"confidence_interval":{"confidence_level":0.95,"lower_bound":-0.029429627334429886,"upper_bound":-0.01000792544983553},"point_estimate":-0.016394581164564492,"standard_error":0.00465790006907237}}