{"mean":{"confidence_interval":{"confidence_level":0.95,"lower_bound":-0.01431804371869759,"upper_bound":-0.0031299149307185466},"point_estimate":-0.008613595051854439,"standard_error":0.002865298787678804},"median":{"confidence_interval":{"confidence_level":0.95,"lower_bound":-0.012799489585449408,"upper_bound":-0.004956731829750094},"point_estimate":-0.009053685636728592,"standard_error":0.0018337565252442257}}