{"mean":{"confidence_interval":{"confidence_level":0.95,"lower_bound":-0.012584851176587709,"upper_bound":0.0044582972570661765},"point_estimate":-0.0039727195343043364,"standard_error":0.004387308569854133},"median":{"confidence_interval":{"confidence_level":0.95,"lower_bound":-0.010531386326100511,"upper_bound":0.003875020161575593},"point_estimate":-0.0018707716357464488,"standard_error":0.0037587119709009235}}