{"mean":{"confidence_interval":{"confidence_level":0.95,"lower_bound":-0.1488110197872592,"upper_bound":0.08791943704098087},"point_estimate":-0.03037072615858072,"standard_error":0.06021084510659643},"median":{"confidence_interval":{"confidence_level":0.95,"lower_bound":-0.07811013808079248,"upper_bound":-0.0024905678102766665},"point_estimate":-0.024085058957718064,"standard_error":0.020863426838997553}}