{"mean":{"confidence_interval":{"confidence_level":0.95,"lower_bound":3075249.26070374,"upper_bound":3168000.6396439592},"point_estimate":3118310.2926679226,"standard_error":23812.636202037593},"median":{"confidence_interval":{"confidence_level":0.95,"lower_bound":3063384.323076923,"upper_bound":3153491.75},"point_estimate":3093501.5230263155,"standard_error":27954.480423012254},"median_abs_dev":{"confidence_interval":{"confidence_level":0.95,"lower_bound":47459.74131027205,"upper_bound":139117.52317148616},"point_estimate":100323.92963270968,"standard_error":24193.010094077727},"slope":{"confidence_interval":{"confidence_level":0.95,"lower_bound":3094739.1623937455,"upper_bound":3178538.8642637483},"point_estimate":3141491.3731707316,"standard_error":21414.697541837908},"std_dev":{"confidence_interval":{"confidence_level":0.95,"lower_bound":62569.33634620734,"upper_bound":150155.64608274732},"point_estimate":109303.68546632811,"standard_error":24117.485141752408}}