{"mean":{"confidence_interval":{"confidence_level":0.95,"lower_bound":-0.008340523403808768,"upper_bound":0.014218043693964953},"point_estimate":0.0027438159019026465,"standard_error":0.005825747028512975},"median":{"confidence_interval":{"confidence_level":0.95,"lower_bound":-0.013463719117290163,"upper_bound":0.009275055238855856},"point_estimate":-0.0036304352069497225,"standard_error":0.006069323619719948}}