{"mean":{"confidence_interval":{"confidence_level":0.95,"lower_bound":0.043842062550426775,"upper_bound":0.20950147365992247},"point_estimate":0.1290690108532624,"standard_error":0.0433453388602412},"median":{"confidence_interval":{"confidence_level":0.95,"lower_bound":0.11449405866436879,"upper_bound":0.15086306867496746},"point_estimate":0.13810061178223365,"standard_error":0.009911304076556632}}