{"mean":{"confidence_interval":{"confidence_level":0.95,"lower_bound":-0.10537828903102466,"upper_bound":-0.08627229749611981},"point_estimate":-0.09534998113619242,"standard_error":0.004863668646947631},"median":{"confidence_interval":{"confidence_level":0.95,"lower_bound":-0.1018353861686726,"upper_bound":-0.08555912769701546},"point_estimate":-0.0912702166289221,"standard_error":0.0040937038026894225}}