{"mean":{"confidence_interval":{"confidence_level":0.95,"lower_bound":-0.5377335793295522,"upper_bound":0.1923191981693976},"point_estimate":-0.22447486712040043,"standard_error":0.2259783950307963},"median":{"confidence_interval":{"confidence_level":0.95,"lower_bound":0.03470921698638452,"upper_bound":0.10219783005475569},"point_estimate":0.06484131607608723,"standard_error":0.015033546797684498}}