{"mean":{"confidence_interval":{"confidence_level":0.95,"lower_bound":33111697.890000008,"upper_bound":33412450.690000005},"point_estimate":33259743.35,"standard_error":76866.51466047524},"median":{"confidence_interval":{"confidence_level":0.95,"lower_bound":33042562.7,"upper_bound":33359543.6},"point_estimate":33270701.2,"standard_error":108826.0765832929},"median_abs_dev":{"confidence_interval":{"confidence_level":0.95,"lower_bound":132059.92397546658,"upper_bound":538628.7186974281},"point_estimate":338238.13409507275,"standard_error":106586.58140424224},"slope":null,"std_dev":{"confidence_interval":{"confidence_level":0.95,"lower_bound":233691.80906289056,"upper_bound":440564.50295635016},"point_estimate":352547.524689626,"standard_error":52367.54687436643}}