{"mean":{"confidence_interval":{"confidence_level":0.95,"lower_bound":0.02549665459165264,"upper_bound":0.05247232521164079},"point_estimate":0.038963657151968256,"standard_error":0.006883280380393547},"median":{"confidence_interval":{"confidence_level":0.95,"lower_bound":0.022474699829403644,"upper_bound":0.06400986476002957},"point_estimate":0.045005922328856585,"standard_error":0.011065727354460325}}