{"mean":{"confidence_interval":{"confidence_level":0.95,"lower_bound":-0.05498129943900091,"upper_bound":-0.009947207956739671},"point_estimate":-0.03389570000676112,"standard_error":0.011432322331655205},"median":{"confidence_interval":{"confidence_level":0.95,"lower_bound":-0.05123259910062539,"upper_bound":-0.013276254193839265},"point_estimate":-0.036713886410167706,"standard_error":0.008724132313413666}}