{"mean":{"confidence_interval":{"confidence_level":0.95,"lower_bound":0.2176076513115415,"upper_bound":0.2531139839492492},"point_estimate":0.23411544595794265,"standard_error":0.009061542090461392},"median":{"confidence_interval":{"confidence_level":0.95,"lower_bound":0.20737715199489548,"upper_bound":0.2565061141534122},"point_estimate":0.23571351868830348,"standard_error":0.012833022569307354}}