{"mean":{"confidence_interval":{"confidence_level":0.95,"lower_bound":30035637.04,"upper_bound":30402349.3355},"point_estimate":30226377.619999997,"standard_error":93933.02222857025},"median":{"confidence_interval":{"confidence_level":0.95,"lower_bound":30096333.4,"upper_bound":30443413.7},"point_estimate":30326239.799999997,"standard_error":90891.9885610322},"median_abs_dev":{"confidence_interval":{"confidence_level":0.95,"lower_bound":128460.17123937773,"upper_bound":608792.9107117697},"point_estimate":298594.3003588937,"standard_error":129235.06219427226},"slope":null,"std_dev":{"confidence_interval":{"confidence_level":0.95,"lower_bound":258543.00084395052,"upper_bound":564180.3599299357},"point_estimate":432528.2219422424,"standard_error":80140.28847341675}}