{"mean":{"confidence_interval":{"confidence_level":0.95,"lower_bound":19762.822500000002,"upper_bound":46316.376875},"point_estimate":28776.05,"standard_error":8424.315020022179},"median":{"confidence_interval":{"confidence_level":0.95,"lower_bound":19638.25,"upper_bound":20041.0},"point_estimate":19740.5,"standard_error":122.11283166293701},"median_abs_dev":{"confidence_interval":{"confidence_level":0.95,"lower_bound":173.4641969203949,"upper_bound":703.8643375039101},"point_estimate":428.4713923931122,"standard_error":140.9116560536797},"slope":null,"std_dev":{"confidence_interval":{"confidence_level":0.95,"lower_bound":300.4930503617049,"upper_bound":63446.890173961976},"point_estimate":38675.87955074434,"standard_error":22846.099828070208}}