{"mean":{"confidence_interval":{"confidence_level":0.95,"lower_bound":-0.14044128495034672,"upper_bound":0.0017502927037824892},"point_estimate":-0.06877412188219567,"standard_error":0.03648287926655871},"median":{"confidence_interval":{"confidence_level":0.95,"lower_bound":-0.0334241870486468,"upper_bound":0.03995040000816563},"point_estimate":0.011242670600858817,"standard_error":0.027760822883136044}}