{"mean":{"confidence_interval":{"confidence_level":0.95,"lower_bound":-0.01935494168329564,"upper_bound":-0.002458116276196372},"point_estimate":-0.010759040966100919,"standard_error":0.004306368501217969},"median":{"confidence_interval":{"confidence_level":0.95,"lower_bound":-0.017503143110994546,"upper_bound":-0.0016351140732676628},"point_estimate":-0.01030236157001252,"standard_error":0.004282620854723339}}