{"mean":{"confidence_interval":{"confidence_level":0.95,"lower_bound":-0.09829013089663723,"upper_bound":0.07753044923408225},"point_estimate":-0.004765521552390406,"standard_error":0.04571533654417188},"median":{"confidence_interval":{"confidence_level":0.95,"lower_bound":-0.02056978363361868,"upper_bound":0.05948960210393017},"point_estimate":0.013819842534668503,"standard_error":0.021220691942958458}}