{"mean":{"confidence_interval":{"confidence_level":0.95,"lower_bound":-0.06638051367793965,"upper_bound":-0.04163427224256748},"point_estimate":-0.05241250711347245,"standard_error":0.006390210333166874},"median":{"confidence_interval":{"confidence_level":0.95,"lower_bound":-0.05882441196918187,"upper_bound":-0.03788288541693263},"point_estimate":-0.04699945474600653,"standard_error":0.005049675556137607}}