{"mean":{"confidence_interval":{"confidence_level":0.95,"lower_bound":-0.006810625127587757,"upper_bound":0.021289068669782637},"point_estimate":0.007850244618607727,"standard_error":0.007171577648049706},"median":{"confidence_interval":{"confidence_level":0.95,"lower_bound":-0.006508197268574212,"upper_bound":0.02284169710062134},"point_estimate":0.015458080491606907,"standard_error":0.0067080069661201985}}