{"mean":{"confidence_interval":{"confidence_level":0.95,"lower_bound":-0.05254868707471892,"upper_bound":0.12283767807827232},"point_estimate":0.0335135256548984,"standard_error":0.04576658971331862},"median":{"confidence_interval":{"confidence_level":0.95,"lower_bound":-0.09413275313775293,"upper_bound":0.005838122754752416},"point_estimate":-0.056975405137672186,"standard_error":0.027337212084647507}}