{"mean":{"confidence_interval":{"confidence_level":0.95,"lower_bound":0.014083945513230667,"upper_bound":0.030799059855812914},"point_estimate":0.022017132238414616,"standard_error":0.004276609404605482},"median":{"confidence_interval":{"confidence_level":0.95,"lower_bound":0.013793190900780017,"upper_bound":0.03581188856109008},"point_estimate":0.021012958937588477,"standard_error":0.005681812832230274}}