{"mean":{"confidence_interval":{"confidence_level":0.95,"lower_bound":287702879.07437503,"upper_bound":333221931.65},"point_estimate":306562397.1,"standard_error":11859143.46636108},"median":{"confidence_interval":{"confidence_level":0.95,"lower_bound":278282761.0,"upper_bound":300636089.25},"point_estimate":294023093.75,"standard_error":6299536.980316012},"median_abs_dev":{"confidence_interval":{"confidence_level":0.95,"lower_bound":2728421.689210832,"upper_bound":28328901.311561465},"point_estimate":21103921.806630492,"standard_error":6671405.421331305},"slope":null,"std_dev":{"confidence_interval":{"confidence_level":0.95,"lower_bound":10927132.131933773,"upper_bound":81827820.17921124},"point_estimate":54534254.17999747,"standard_error":19929881.889907204}}