{"mean":{"confidence_interval":{"confidence_level":0.95,"lower_bound":20848.35708333333,"upper_bound":25086.229375},"point_estimate":22367.049999999996,"standard_error":1261.9077731164896},"median":{"confidence_interval":{"confidence_level":0.95,"lower_bound":20675.833333333332,"upper_bound":21601.166666666664},"point_estimate":20914.0,"standard_error":213.3865934710421},"median_abs_dev":{"confidence_interval":{"confidence_level":0.95,"lower_bound":262.42019534111023,"upper_bound":1186.3270789384833},"point_estimate":863.614484667778,"standard_error":256.71900701815514},"slope":null,"std_dev":{"confidence_interval":{"confidence_level":0.95,"lower_bound":511.20815332249134,"upper_bound":9498.760005981632},"point_estimate":5791.813587458711,"standard_error":3176.6332941981104}}