{"mean":{"confidence_interval":{"confidence_level":0.95,"lower_bound":0.004480929584884383,"upper_bound":0.024614400596448816},"point_estimate":0.015225864355193464,"standard_error":0.005153705806225128},"median":{"confidence_interval":{"confidence_level":0.95,"lower_bound":0.010155308867676682,"upper_bound":0.02987329188364618},"point_estimate":0.02078594803719125,"standard_error":0.005173503666999517}}