{"mean":{"confidence_interval":{"confidence_level":0.95,"lower_bound":-0.0882338443828078,"upper_bound":-0.0758754300962706},"point_estimate":-0.0821248119389345,"standard_error":0.0031577883453116325},"median":{"confidence_interval":{"confidence_level":0.95,"lower_bound":-0.09080238885027281,"upper_bound":-0.07511955767432033},"point_estimate":-0.07885018794728593,"standard_error":0.004421174211817893}}