{"mean":{"confidence_interval":{"confidence_level":0.95,"lower_bound":-0.00996533641686726,"upper_bound":0.0010599798656891733},"point_estimate":-0.004243113765001083,"standard_error":0.0028073301692537684},"median":{"confidence_interval":{"confidence_level":0.95,"lower_bound":-0.010768248684501325,"upper_bound":0.0026685956163907676},"point_estimate":-0.004301055724026059,"standard_error":0.0033907915945909973}}