{"mean":{"confidence_interval":{"confidence_level":0.95,"lower_bound":20881.5975,"upper_bound":24524.775},"point_estimate":22316.55,"standard_error":970.3601476324503},"median":{"confidence_interval":{"confidence_level":0.95,"lower_bound":20564.5,"upper_bound":21739.75},"point_estimate":21020.5,"standard_error":260.5312140675366},"median_abs_dev":{"confidence_interval":{"confidence_level":0.95,"lower_bound":415.8692926168442,"upper_bound":1611.9660876318792},"point_estimate":997.048482298851,"standard_error":299.9586346690723},"slope":null,"std_dev":{"confidence_interval":{"confidence_level":0.95,"lower_bound":668.7607234752635,"upper_bound":6931.985433284969},"point_estimate":4441.1396531094415,"standard_error":1890.2472755914603}}