{"mean":{"confidence_interval":{"confidence_level":0.95,"lower_bound":175478234.07999998,"upper_bound":206376450.866875},"point_estimate":189481985.3,"standard_error":7979073.312838898},"median":{"confidence_interval":{"confidence_level":0.95,"lower_bound":167618764.75,"upper_bound":179628059.5},"point_estimate":175958050.75,"standard_error":3571627.3112173476},"median_abs_dev":{"confidence_interval":{"confidence_level":0.95,"lower_bound":3524343.624280393,"upper_bound":19475810.76126024},"point_estimate":12363825.204098225,"standard_error":4700877.1711709825},"slope":null,"std_dev":{"confidence_interval":{"confidence_level":0.95,"lower_bound":13408232.287699012,"upper_bound":46939565.14350829},"point_estimate":36693301.15776369,"standard_error":7897443.225305647}}