{"mean":{"confidence_interval":{"confidence_level":0.95,"lower_bound":55027685.42375,"upper_bound":55504617.44333334},"point_estimate":55260447.76666667,"standard_error":121606.18060136671},"median":{"confidence_interval":{"confidence_level":0.95,"lower_bound":54986379.0,"upper_bound":55497587.66666667},"point_estimate":55342259.833333336,"standard_error":165023.74037625908},"median_abs_dev":{"confidence_interval":{"confidence_level":0.95,"lower_bound":186841.20228290188,"upper_bound":775852.4734258633},"point_estimate":486505.54446280556,"standard_error":146056.75200123753},"slope":null,"std_dev":{"confidence_interval":{"confidence_level":0.95,"lower_bound":349452.1107141577,"upper_bound":728789.955500966},"point_estimate":559383.3123354829,"standard_error":98950.63823392594}}