{"mean":{"confidence_interval":{"confidence_level":0.95,"lower_bound":0.024217470071598492,"upper_bound":0.16415814207673726},"point_estimate":0.09165525894187887,"standard_error":0.03538583002277965},"median":{"confidence_interval":{"confidence_level":0.95,"lower_bound":0.02470695326173744,"upper_bound":0.19945186697052408},"point_estimate":0.07810203988619513,"standard_error":0.04207072015282792}}