{"mean":{"confidence_interval":{"confidence_level":0.95,"lower_bound":0.009089230266928507,"upper_bound":0.019235237778135753},"point_estimate":0.014211767617591242,"standard_error":0.002574565244481573},"median":{"confidence_interval":{"confidence_level":0.95,"lower_bound":0.009920618889826205,"upper_bound":0.01811935547514021},"point_estimate":0.01210350047661124,"standard_error":0.002119327679514416}}