{"mean":{"confidence_interval":{"confidence_level":0.95,"lower_bound":-0.24112299213268565,"upper_bound":-0.1536001439012422},"point_estimate":-0.19416969720369992,"standard_error":0.022624422914108145},"median":{"confidence_interval":{"confidence_level":0.95,"lower_bound":-0.17368706368378017,"upper_bound":-0.14328059452099673},"point_estimate":-0.15961032832256317,"standard_error":0.007819900440722102}}