{"mean":{"confidence_interval":{"confidence_level":0.95,"lower_bound":-0.10699964757274516,"upper_bound":-0.0666651112146544},"point_estimate":-0.08616403024821984,"standard_error":0.010322476351778933},"median":{"confidence_interval":{"confidence_level":0.95,"lower_bound":-0.0937044642998266,"upper_bound":-0.06032910988554896},"point_estimate":-0.08638952622346019,"standard_error":0.010394898361953531}}