{"mean":{"confidence_interval":{"confidence_level":0.95,"lower_bound":-0.08399152771555207,"upper_bound":-0.06928822462383533},"point_estimate":-0.0765104497468343,"standard_error":0.0037558391828948685},"median":{"confidence_interval":{"confidence_level":0.95,"lower_bound":-0.08191335319490345,"upper_bound":-0.06678653265262369},"point_estimate":-0.0760114614239843,"standard_error":0.0037199200736889562}}