{"mean":{"confidence_interval":{"confidence_level":0.95,"lower_bound":-0.03414738278723044,"upper_bound":-0.020798004420783445},"point_estimate":-0.02706067292473502,"standard_error":0.003418869897850739},"median":{"confidence_interval":{"confidence_level":0.95,"lower_bound":-0.029734064850519437,"upper_bound":-0.018157695029058396},"point_estimate":-0.021347061269263334,"standard_error":0.003135173156749084}}