{"mean":{"confidence_interval":{"confidence_level":0.95,"lower_bound":-0.009984274031619382,"upper_bound":0.002859397764611471},"point_estimate":-0.0038425764433266396,"standard_error":0.0032884005193106066},"median":{"confidence_interval":{"confidence_level":0.95,"lower_bound":-0.01428281953821453,"upper_bound":0.0010211063680769517},"point_estimate":-0.009153322186982726,"standard_error":0.004076173715608746}}