{"mean":{"confidence_interval":{"confidence_level":0.95,"lower_bound":-0.6178438384772551,"upper_bound":-0.5539951046757838},"point_estimate":-0.5844114803925811,"standard_error":0.016531831723544575},"median":{"confidence_interval":{"confidence_level":0.95,"lower_bound":-0.5910908505607114,"upper_bound":-0.5353378915124983},"point_estimate":-0.5522833346079676,"standard_error":0.013702285042218322}}