{"mean":{"confidence_interval":{"confidence_level":0.95,"lower_bound":-0.1002107961765639,"upper_bound":-0.039497529511653855},"point_estimate":-0.06965849022231474,"standard_error":0.015566071631846106},"median":{"confidence_interval":{"confidence_level":0.95,"lower_bound":-0.09825305987348976,"upper_bound":-0.019847449861819078},"point_estimate":-0.0589573810840206,"standard_error":0.019301672002006543}}