{"mean":{"confidence_interval":{"confidence_level":0.95,"lower_bound":-0.050093613499927026,"upper_bound":0.019439843723064964},"point_estimate":-0.01920966942396074,"standard_error":0.0184479466578357},"median":{"confidence_interval":{"confidence_level":0.95,"lower_bound":-0.04973610910836568,"upper_bound":-0.01260330659785458},"point_estimate":-0.02689451588119607,"standard_error":0.009028876575262962}}