{"mean":{"confidence_interval":{"confidence_level":0.95,"lower_bound":-0.19133397486150658,"upper_bound":-0.047424650783613555},"point_estimate":-0.11592351522311273,"standard_error":0.03709059425545121},"median":{"confidence_interval":{"confidence_level":0.95,"lower_bound":-0.1369402154691265,"upper_bound":-0.027402732665947616},"point_estimate":-0.06192936292782136,"standard_error":0.02950968271536185}}