{"mean":{"confidence_interval":{"confidence_level":0.95,"lower_bound":0.003484708755092159,"upper_bound":0.015500125810466357},"point_estimate":0.009344080233186114,"standard_error":0.0030468745633151517},"median":{"confidence_interval":{"confidence_level":0.95,"lower_bound":0.0033087013529409237,"upper_bound":0.017551808167317606},"point_estimate":0.012307101812293775,"standard_error":0.0038533341262933624}}