{"mean":{"confidence_interval":{"confidence_level":0.95,"lower_bound":-0.029325098413052794,"upper_bound":0.0049181727784173455},"point_estimate":-0.011693022361756733,"standard_error":0.008766388338309332},"median":{"confidence_interval":{"confidence_level":0.95,"lower_bound":-0.024153892025404522,"upper_bound":0.008634636948973595},"point_estimate":-0.01715665895405527,"standard_error":0.00878012156444687}}