{"mean":{"confidence_interval":{"confidence_level":0.95,"lower_bound":46430415.2,"upper_bound":53379259.55},"point_estimate":49502829.95,"standard_error":1793582.9767090478},"median":{"confidence_interval":{"confidence_level":0.95,"lower_bound":45061766.5,"upper_bound":49077416.0},"point_estimate":45840990.5,"standard_error":1080102.5281212877},"median_abs_dev":{"confidence_interval":{"confidence_level":0.95,"lower_bound":1020400.1731842756,"upper_bound":6636219.781583548},"point_estimate":2293552.5072813034,"standard_error":1428180.5751133668},"slope":null,"std_dev":{"confidence_interval":{"confidence_level":0.95,"lower_bound":2996005.540322966,"upper_bound":11583428.87926386},"point_estimate":8259907.244226914,"standard_error":2283503.4285847973}}