{"mean":{"confidence_interval":{"confidence_level":0.95,"lower_bound":-0.059951772932509785,"upper_bound":0.07388428499892136},"point_estimate":0.018381396627700886,"standard_error":0.03628889867366826},"median":{"confidence_interval":{"confidence_level":0.95,"lower_bound":0.010320746639266964,"upper_bound":0.07324942507795429},"point_estimate":0.046919389482190876,"standard_error":0.016229882185001564}}