{"mean":{"confidence_interval":{"confidence_level":0.95,"lower_bound":-0.0589487472544531,"upper_bound":-0.030397841046245076},"point_estimate":-0.04471024871561924,"standard_error":0.007284300229077898},"median":{"confidence_interval":{"confidence_level":0.95,"lower_bound":-0.05779464598284412,"upper_bound":-0.019119656001907903},"point_estimate":-0.04028507331077291,"standard_error":0.010372593391831855}}