{"mean":{"confidence_interval":{"confidence_level":0.95,"lower_bound":-0.032388186438480335,"upper_bound":0.0003147724826183971},"point_estimate":-0.01605453241183108,"standard_error":0.00836064292106333},"median":{"confidence_interval":{"confidence_level":0.95,"lower_bound":-0.037231312597244215,"upper_bound":-0.004138947908345236},"point_estimate":-0.02282949297254655,"standard_error":0.008806223611964802}}