{"mean":{"confidence_interval":{"confidence_level":0.95,"lower_bound":-0.12112025647586507,"upper_bound":-0.09146148218873767},"point_estimate":-0.10584428026403336,"standard_error":0.007562252174090133},"median":{"confidence_interval":{"confidence_level":0.95,"lower_bound":-0.1172293527973639,"upper_bound":-0.08772505565844535},"point_estimate":-0.10075744933989661,"standard_error":0.007596842417787641}}