{"mean":{"confidence_interval":{"confidence_level":0.95,"lower_bound":-0.8834293379372542,"upper_bound":-0.8803869194246389},"point_estimate":-0.8819312548435606,"standard_error":0.0007775834010951636},"median":{"confidence_interval":{"confidence_level":0.95,"lower_bound":-0.8834608318855354,"upper_bound":-0.8788463218314706},"point_estimate":-0.8815238865147752,"standard_error":0.001200483607986123}}