{"mean":{"confidence_interval":{"confidence_level":0.95,"lower_bound":4102346.090188492,"upper_bound":4253340.505269793},"point_estimate":4168741.702009692,"standard_error":39079.42913495456},"median":{"confidence_interval":{"confidence_level":0.95,"lower_bound":4075697.0043589743,"upper_bound":4181442.394444444},"point_estimate":4102268.94,"standard_error":29322.08736086975},"median_abs_dev":{"confidence_interval":{"confidence_level":0.95,"lower_bound":33482.970559058514,"upper_bound":163685.0710289086},"point_estimate":89048.90573494816,"standard_error":33798.999279270225},"slope":{"confidence_interval":{"confidence_level":0.95,"lower_bound":4088445.8480859515,"upper_bound":4238723.824993169},"point_estimate":4149514.5502090594,"standard_error":38385.622626195836},"std_dev":{"confidence_interval":{"confidence_level":0.95,"lower_bound":72324.23628431204,"upper_bound":260130.5154820384},"point_estimate":178936.25037539838,"standard_error":52807.52766818631}}