{"mean":{"confidence_interval":{"confidence_level":0.95,"lower_bound":-0.05223866389649512,"upper_bound":-0.030997854770037022},"point_estimate":-0.0434529492225082,"standard_error":0.0054153947711259665},"median":{"confidence_interval":{"confidence_level":0.95,"lower_bound":-0.05887378440247826,"upper_bound":-0.03909909603237405},"point_estimate":-0.04476616761292507,"standard_error":0.0049515240467179755}}