{"mean":{"confidence_interval":{"confidence_level":0.95,"lower_bound":282630692.815,"upper_bound":309456454.79249996},"point_estimate":293233482.075,"standard_error":7166241.008144207},"median":{"confidence_interval":{"confidence_level":0.95,"lower_bound":278207209.25,"upper_bound":294537483.5},"point_estimate":282666638.25,"standard_error":3879852.7271874556},"median_abs_dev":{"confidence_interval":{"confidence_level":0.95,"lower_bound":3713153.8428783417,"upper_bound":19455262.110950053},"point_estimate":9294035.24159789,"standard_error":4262164.366647146},"slope":null,"std_dev":{"confidence_interval":{"confidence_level":0.95,"lower_bound":8622367.739079587,"upper_bound":52292130.52231875},"point_estimate":32807336.886113662,"standard_error":14220730.776361482}}