{"mean":{"confidence_interval":{"confidence_level":0.95,"lower_bound":21417.39875,"upper_bound":23099.90375},"point_estimate":22210.2,"standard_error":431.8692864543098},"median":{"confidence_interval":{"confidence_level":0.95,"lower_bound":21018.5,"upper_bound":22107.0},"point_estimate":21311.0,"standard_error":345.16678043288016},"median_abs_dev":{"confidence_interval":{"confidence_level":0.95,"lower_bound":313.56989443302155,"upper_bound":2373.642557859421},"point_estimate":785.0366860628128,"standard_error":497.83268806878846},"slope":null,"std_dev":{"confidence_interval":{"confidence_level":0.95,"lower_bound":1187.8877465375656,"upper_bound":2414.9026672115097},"point_estimate":1987.5281553781956,"standard_error":318.4035275873171}}