{"mean":{"confidence_interval":{"confidence_level":0.95,"lower_bound":-0.2787649922928753,"upper_bound":-0.15577140413631532},"point_estimate":-0.22118689553542492,"standard_error":0.03154350900433287},"median":{"confidence_interval":{"confidence_level":0.95,"lower_bound":-0.30585270048138724,"upper_bound":-0.07512568822734056},"point_estimate":-0.2457310440281414,"standard_error":0.06276922819101242}}