{"mean":{"confidence_interval":{"confidence_level":0.95,"lower_bound":36697084.850749984,"upper_bound":37301438.87949999},"point_estimate":36975626.949999996,"standard_error":155185.841321226},"median":{"confidence_interval":{"confidence_level":0.95,"lower_bound":36493772.8,"upper_bound":37166273.099999994},"point_estimate":36733811.3,"standard_error":196366.15522070503},"median_abs_dev":{"confidence_interval":{"confidence_level":0.95,"lower_bound":181504.78135764156,"upper_bound":886710.7235777312},"point_estimate":462049.31659698486,"standard_error":192011.47817618673},"slope":null,"std_dev":{"confidence_interval":{"confidence_level":0.95,"lower_bound":390958.44427965354,"upper_bound":982127.4136582619},"point_estimate":711798.0768272686,"standard_error":164074.83676243623}}