{"mean":{"confidence_interval":{"confidence_level":0.95,"lower_bound":-0.012124042497610394,"upper_bound":0.07572356218201047},"point_estimate":0.02997158994560256,"standard_error":0.022353602150348675},"median":{"confidence_interval":{"confidence_level":0.95,"lower_bound":-0.029027111655586135,"upper_bound":0.08754580967443526},"point_estimate":0.017048770567726024,"standard_error":0.031985802742718165}}