{"mean":{"confidence_interval":{"confidence_level":0.95,"lower_bound":0.0644719154169492,"upper_bound":0.0866485723341074},"point_estimate":0.07455123279608378,"standard_error":0.005583118776780869},"median":{"confidence_interval":{"confidence_level":0.95,"lower_bound":0.05994067143912529,"upper_bound":0.08320908124561588},"point_estimate":0.07198436406107867,"standard_error":0.0060575489064142755}}