{"mean":{"confidence_interval":{"confidence_level":0.95,"lower_bound":-0.49405576220067343,"upper_bound":-0.41421650434044766},"point_estimate":-0.45505705679070263,"standard_error":0.020461403151218357},"median":{"confidence_interval":{"confidence_level":0.95,"lower_bound":-0.4928551475772821,"upper_bound":-0.38544173658301695},"point_estimate":-0.42829578347084274,"standard_error":0.029063011345271634}}