{"mean":{"confidence_interval":{"confidence_level":0.95,"lower_bound":0.09624060015383686,"upper_bound":0.26154048739916297},"point_estimate":0.1702248955139627,"standard_error":0.04239546369595557},"median":{"confidence_interval":{"confidence_level":0.95,"lower_bound":0.06077220538808291,"upper_bound":0.1864321221004437},"point_estimate":0.08744611976876082,"standard_error":0.028498120961296173}}