{"mean":{"confidence_interval":{"confidence_level":0.95,"lower_bound":-0.023026405151369243,"upper_bound":-0.00999008498074346},"point_estimate":-0.01649116116192062,"standard_error":0.0033203556028930203},"median":{"confidence_interval":{"confidence_level":0.95,"lower_bound":-0.026512496322348866,"upper_bound":-0.010894124254300253},"point_estimate":-0.019663397132870353,"standard_error":0.004117290249347914}}