{"mean":{"confidence_interval":{"confidence_level":0.95,"lower_bound":-0.10610950692513717,"upper_bound":-0.08642005665739301},"point_estimate":-0.09578965704797315,"standard_error":0.0050116410895294766},"median":{"confidence_interval":{"confidence_level":0.95,"lower_bound":-0.10483502359209751,"upper_bound":-0.08134466770955831},"point_estimate":-0.09497726905077619,"standard_error":0.006464341509768375}}