{"mean":{"confidence_interval":{"confidence_level":0.95,"lower_bound":32393259.175,"upper_bound":33112486.8},"point_estimate":32738424.125,"standard_error":183146.40891541456},"median":{"confidence_interval":{"confidence_level":0.95,"lower_bound":32264612.5,"upper_bound":33094326.25},"point_estimate":32528373.375,"standard_error":229049.46281589713},"median_abs_dev":{"confidence_interval":{"confidence_level":0.95,"lower_bound":334990.4988527298,"upper_bound":1255716.9584065676},"point_estimate":824554.8323862255,"standard_error":230315.62189389943},"slope":null,"std_dev":{"confidence_interval":{"confidence_level":0.95,"lower_bound":553289.8954069676,"upper_bound":1048456.4654436526},"point_estimate":834223.4139724001,"standard_error":128186.08091135825}}