{"mean":{"confidence_interval":{"confidence_level":0.95,"lower_bound":3399430.184743072,"upper_bound":3491359.3720715633},"point_estimate":3439719.7282458968,"standard_error":23799.830227983246},"median":{"confidence_interval":{"confidence_level":0.95,"lower_bound":3379158.988700565,"upper_bound":3474863.831920904},"point_estimate":3426046.756779661,"standard_error":20506.935929311843},"median_abs_dev":{"confidence_interval":{"confidence_level":0.95,"lower_bound":4182.299770834352,"upper_bound":104316.90892003867},"point_estimate":52922.52207891196,"standard_error":26452.36324356501},"slope":{"confidence_interval":{"confidence_level":0.95,"lower_bound":3402257.321808818,"upper_bound":3552258.534958084},"point_estimate":3473327.9488003524,"standard_error":42910.91318633588},"std_dev":{"confidence_interval":{"confidence_level":0.95,"lower_bound":25220.368623522318,"upper_bound":110463.9104017417},"point_estimate":79213.68970460432,"standard_error":24073.858850275068}}