{"mean":{"confidence_interval":{"confidence_level":0.95,"lower_bound":-0.02068149167288188,"upper_bound":-0.006305992965832361},"point_estimate":-0.012836080741867706,"standard_error":0.0037004413457665366},"median":{"confidence_interval":{"confidence_level":0.95,"lower_bound":-0.014996295218797195,"upper_bound":-0.0024540368714401906},"point_estimate":-0.007676414229956352,"standard_error":0.003073536416891009}}