{"mean":{"confidence_interval":{"confidence_level":0.95,"lower_bound":-0.03581587377548463,"upper_bound":0.1403657245589811},"point_estimate":0.050460585631815436,"standard_error":0.04255604893424366},"median":{"confidence_interval":{"confidence_level":0.95,"lower_bound":0.036417295391865556,"upper_bound":0.07186843731657788},"point_estimate":0.04906787621778608,"standard_error":0.00946994540225898}}