{"mean":{"confidence_interval":{"confidence_level":0.95,"lower_bound":-0.001117138641857859,"upper_bound":0.14359570285507667},"point_estimate":0.062255713869681095,"standard_error":0.036419182033772216},"median":{"confidence_interval":{"confidence_level":0.95,"lower_bound":0.000032662931681137763,"upper_bound":0.1224136433142815},"point_estimate":0.018624461752571486,"standard_error":0.025380702596698206}}