{"mean":{"confidence_interval":{"confidence_level":0.95,"lower_bound":-0.02858360051285211,"upper_bound":0.053367647717822764},"point_estimate":0.014880375279275437,"standard_error":0.02090271333813525},"median":{"confidence_interval":{"confidence_level":0.95,"lower_bound":0.002861871396415916,"upper_bound":0.04409630652572116},"point_estimate":0.022040624247943175,"standard_error":0.010473397141054082}}