{"mean":{"confidence_interval":{"confidence_level":0.95,"lower_bound":-0.07668446518643963,"upper_bound":0.012353428702336933},"point_estimate":-0.027474261270450495,"standard_error":0.023087193593248664},"median":{"confidence_interval":{"confidence_level":0.95,"lower_bound":-0.04174735637945248,"upper_bound":0.0169872923372143},"point_estimate":-0.02424987910343035,"standard_error":0.01653803957013824}}