{"mean":{"confidence_interval":{"confidence_level":0.95,"lower_bound":0.06943138425467822,"upper_bound":0.0971065974896712},"point_estimate":0.08310775894422262,"standard_error":0.007018611273614715},"median":{"confidence_interval":{"confidence_level":0.95,"lower_bound":0.06143155768758146,"upper_bound":0.09474009706309494},"point_estimate":0.07261479133327975,"standard_error":0.00843024879313201}}