{"mean":{"confidence_interval":{"confidence_level":0.95,"lower_bound":-0.019760764718508666,"upper_bound":0.032326019707621306},"point_estimate":0.011601725348087566,"standard_error":0.014195712689838583},"median":{"confidence_interval":{"confidence_level":0.95,"lower_bound":0.019574653409644815,"upper_bound":0.03856337308635127},"point_estimate":0.03210193489845414,"standard_error":0.004715825038218145}}