{"mean":{"confidence_interval":{"confidence_level":0.95,"lower_bound":0.017196749723792367,"upper_bound":0.0291570211476916},"point_estimate":0.023225222904460052,"standard_error":0.003026188298910417},"median":{"confidence_interval":{"confidence_level":0.95,"lower_bound":0.01317034582295773,"upper_bound":0.031455597615841935},"point_estimate":0.019992490812952513,"standard_error":0.004529438727683953}}