{"mean":{"confidence_interval":{"confidence_level":0.95,"lower_bound":-0.004524873102040432,"upper_bound":0.21059739338815917},"point_estimate":0.07255222866846434,"standard_error":0.060078474800867754},"median":{"confidence_interval":{"confidence_level":0.95,"lower_bound":-0.014194695976923355,"upper_bound":0.042098751518339084},"point_estimate":0.017189451170504633,"standard_error":0.013129982513137491}}