{"mean":{"confidence_interval":{"confidence_level":0.95,"lower_bound":-0.017488899535675277,"upper_bound":0.00016821407026492322},"point_estimate":-0.008928866222946863,"standard_error":0.00451731193276831},"median":{"confidence_interval":{"confidence_level":0.95,"lower_bound":-0.02506179393282626,"upper_bound":0.0026078293210394232},"point_estimate":-0.008423032911673567,"standard_error":0.007275854626917528}}